power,time
1.19200,4
1.34000,52
1.41000,118
1.52000,183
1.52800,249
1.52800,315
1.52800,382
