power,time
1.19600,5
1.32000,35
1.33400,101
1.33600,167
1.33400,234
1.40200,300
1.52000,365
1.52000,432
