power,time
1.18200,4
1.30000,25
1.32800,91
1.33400,157
1.46800,223
1.52000,288
1.52400,354
1.52800,421
